FCD_VAR_OV_vect	homotopic_mean	FCD_diff	inter_fc_std
0.02037300163744352	0.40982513090637973	4.369382104613187	0.10418819558895408
