FCD_VAR_OV_vect	homotopic_mean	FCD_diff	inter_fc_std
0.023874674878135174	0.44721714939852525	8.40007338859414	0.11470371976346293
