FCD_VAR_OV_vect	homotopic_mean	FCD_diff	inter_fc_std
0.020569061564567476	0.5428681559749908	9.293661349031623	0.10979320720134025
