FCD_VAR_OV_vect	homotopic_mean	FCD_diff	inter_fc_std
0.02291138775371052	0.5306500712035006	0.49871093359107377	0.07581233687478323
