FCD_VAR_OV_vect	homotopic_mean	FCD_diff	inter_fc_std
0.02231003514607011	0.5865676583552988	8.889174800585145	0.15073180104501246
