FCD_VAR_OV_vect	homotopic_mean	FCD_diff	inter_fc_std
0.019794385045221387	0.34974880643201217	6.298246503767146	0.06647871600225583
