FCD_VAR_OV_vect	homotopic_mean	FCD_diff	inter_fc_std
0.020914401593601268	0.6002080326638978	11.66918035368558	0.12386985508318035
