FCD_VAR_OV_vect	homotopic_mean	FCD_diff	inter_fc_std
0.019760082380960966	0.47169809047673117	2.8032345296846053	0.16128568979408883
